URL,COUNT
/,4718
/new_daily_digest/todays-recipe-133,17
/favicon.ico,2
/pack_request/emergency-balance,25
/my_offer/offers,82
/ajax_controller/quiz_result,9
/payment/request,9
/download_phone_pass_apk/ZXlKemJIVm5Jam9pYlhsbmNDMHhJbjA9,49
/download_phone_pass_apk/mygp-1/128282359,189
/?r=1,360
/more_gp_store/24,1
/pack/emergency-balance,255
/msisdn_validation/otp,16
/my_offer_msisdn_validation,25
/visit_free_site/eyJzaXRlX2lkIjoiMTAiLCJzaXRlX3VybCI6Imh0dHBzJTNBJTJGJTJGaHR0cC1iaWtyb3ktY29tLjAuZnJlZWJhc2ljcy5jb20lMkYiLCJyZWZlcmVyIjoiaHR0cDpcL1wvd3d3LmdwZWFzeW5ldC5jb20ifQ%3D%3D,1
/google_search,52
/msisdn_validation/resend_otp,36
/visit_free_site/eyJzaXRlX2lkIjoiMTIiLCJzaXRlX3VybCI6Imh0dHBzJTNBJTJGJTJGd3d3LjAuZnJlZWJhc2ljcy5jb20lMkZodHRwJTJGcGhvbmUuZXNwbmNyaWNpbmZvLmNvbSUyRiUzRmlvcmdfc2VydmljZV9pZF9pbnRlcm5hbCUzRDM4ODAwOTYxNDcyMDcxMyUzQkFmcE5uSGtESjFRcDliRUMiLCJyZWZlcmVyIjoiaHR0cDpcL1wvd3d3LmdwZWFzeW5ldC5jb20ifQ%3D%3D,12
/visit_free_site/eyJzaXRlX2lkIjoiNSIsInNpdGVfdXJsIjoiaHR0cHMlM0ElMkYlMkZmcmVlLmZhY2Vib29rLmNvbSIsInJlZmVyZXIiOiJodHRwOlwvXC93d3cuZ3BlYXN5bmV0LmNvbSJ9,49
/see_more_pack/,42
/msisdn_validation/validate,8
/LanguageSwitcher/switchLang/english,1
/payment/recharge,42
http://www.msftconnecttest.com/connecttest.txt,0
http://ipv6.msftconnecttest.com/connecttest.txt,0
/pack/facebook-28-days,8
/visit_free_site/eyJzaXRlX2lkIjoiODcwNDUiLCJzaXRlX3VybCI6Imh0dHBzJTNBJTJGJTJGd3d3LjAuZnJlZWJhc2ljcy5jb20lMkZodHRwcyUyRm0ubWF5YS5jb20uYmQlMkYlM0Zpb3JnX3NlcnZpY2VfaWRfaW50ZXJuYWwlM0Q1MDUyNTEyOTYyOTYwODElM0JBZnBZWWRmZmw0MUJ3S1poIiwicmVmZXJlciI6Imh0dHA6XC9cL3d3dy5ncGVhc3luZXQuY29tIn0%3D,3
/visit_free_site/eyJzaXRlX2lkIjoiODcwNjIiLCJzaXRlX3VybCI6Imh0dHBzJTNBJTJGJTJGd3d3LjAuZnJlZWJhc2ljcy5jb20lMkZodHRwcyUyRm0uY3JpY2J1enouY29tJTJGJTNGaW9yZ19zZXJ2aWNlX2lkX2ludGVybmFsJTNEMTEwMzg2NDU2NjMyNjI1NiUzQkFmbzdBbURpcFh5Y2VnelIiLCJyZWZlcmVyIjoiaHR0cDpcL1wvd3d3LmdwZWFzeW5ldC5jb20ifQ%3D%3D,29
/LanguageSwitcher/switchLang/bangla,1
/new_daily_digest/horoscope-32/font-awesome.min.css,1
/site/quiz_personality/87034/Jeba/3,1
/web_link/youtube-1,2
/new_daily_digest/showbiz-13/6,3
/new_daily_digest/tips-tricks-99/4,3
/download_phone_pass_apk/mygp-1/210688426,1
/new_daily_digest/horoscope-32,36
/pack/eid-offer-1,18
/new_daily_digest/around-the-globe-14/4,1
/new_daily_digest/today-in-history-201/1,5
/show_gallery_content/lifestyle,5
/get_pack_validation_modal,45
/redirect_to_google/100MB,1
/site/pack/emergency-balance,9
/show_more_visit/,27
/new_daily_digest/todays-recipe-133/2,6
/new_daily_digest/travel-log-70,14
/web_link/facebook-2,5
/youtube_video/the-seven-main-advices-to-be-succeed/29,6
/new_daily_digest/showbiz-13,17
/pack_request/eid-offer,2
/feature_phone_msisdn_validation/confirm,0
/apple-touch-icon-precomposed.png,2
/new_daily_digest/showbiz-13/5,3
/pack/font-awesome.min.css,2
/feature_phone_msisdn_validation/redirect_success,14
undefined,0
/assets/themes/easynet/img/easynet-logo_converted.jpg,0
http://locker.ws.amberweather.com/api/v1/weather?lat=23.8203&lon=90.359&lang=en&appid=10200&token=edafe2a201327ce5916835a7269253c811408f5e&warning=1&spkg=mobi.infolife.ezweather.locker.cigarette.screenlock.clock&cc=US&lang=en_US&uid=Z369A0584374548287738232DCABA832D11&sw=480&sh=854&brand=Symphony&model=roarV95&os_ver=7.0&os_vcode=24&ftime=1534522566994,0
http://f.loca.amberweather.com/ipcity.php?spkg=mobi.infolife.ezweather.locker.cigarette.screenlock.clock&cc=US&lang=en_US&uid=Z369A0584374548287738232DCABA832D11&sw=480&sh=854&brand=Symphony&model=roarV95&os_ver=7.0&os_vcode=24&ftime=1534522566994,0
"http://maps.googleapis.com/maps/api/geocode/json?latlng=25.7118108,89.2572633&sensor=false&language=en_US",5
http://htc2.accu-weather.com/widget/htc2/weather-data.asp?langid=1&slat=23.8203&slon=90.359&metric=1,5
/new_daily_digest/today-in-history-201/5,2
/play_quiz/which-player-you-want-to-be-1,4
/pack/special-pack-2,4
/play_quiz/how-happy-are-you,7
"http://api.map.baidu.com/geocoder?location=25.7118108,89.2572633&output=json",5
http://accuwxturbo.accu-weather.com/widget/htc2/weather-data.asp?langid=1&slat=23.8203&slon=90.359&metric=1,5
/more_gp_store/16,1
/apple-touch-icon.png,2
/show_gallery_content/font-awesome.min.css,4
/visit_free_site/eyJzaXRlX2lkIjoiOCIsInNpdGVfdXJsIjoiaHR0cHMlM0ElMkYlMkZteWdwLmdyYW1lZW5waG9uZS5jb20lMkZteWdwJTJGZGFzaGJvYXJkIiwicmVmZXJlciI6Imh0dHA6XC9cL3d3dy5ncGVhc3luZXQuY29tIn0%3D,1
/pack_request/special-pack-2,3
/new_daily_digest/today-in-history-201/2,3
/new_daily_digest/stadium-14,19
cryptauthenrollment.googleapis.com:443,0
/new_daily_digest/tips-tricks-99,21
/new_daily_digest/showbiz-13/1,5
/site/pack/video-pack,1
/redirect_to_google/Google%2Blive%2Bcrickat%2Bball%2Bby%2Bball%2Bwww%2Bcom,1
/site/quiz_personality/27659/Rattri/8,1
/site/quiz_personality/87034/jahid%20afridi/3,1
/visit_free_site/eyJzaXRlX2lkIjoiOCIsInNpdGVfdXJsIjoiaHR0cHMlM0ElMkYlMkZ3d3cuMC5mcmVlYmFzaWNzLmNvbSUyRmh0dHAlMkZmYi5wcm90aG9tYWxvLmNvbSUyRmVuJTJGJTNGaW9yZ19zZXJ2aWNlX2lkX2ludGVybmFsJTNEODQ5ODI0OTIxNzIxNDczJTNCQWZxa1ctVmJaa2NGX1ZNYiIsInJlZmVyZXIiOiJodHRwOlwvXC93d3cuZ3BlYXN5bmV0LmNvbSJ9,8
/msisdn_validation/storeMsisdnInSession,7
/site/pack/eid-offer,2
/my_offer/purchase_this_pack,4
/visit_free_site/eyJzaXRlX2lkIjoiODcwNjMiLCJzaXRlX3VybCI6Imh0dHBzJTNBJTJGJTJGd3d3LjAuZnJlZWJhc2ljcy5jb20lMkZodHRwcyUyRnBhdmlsaW9uLmNvbS5iZCUyRmJuJTNGaW9yZ19zZXJ2aWNlX2lkX2ludGVybmFsJTNEMTM2NDQ1NjcwMzU4Mzc3MiUzQkFmb0ZlUDZWZzdzSGVMNkMiLCJyZWZlcmVyIjoiaHR0cDpcL1wvd3d3LmdwZWFzeW5ldC5jb20ifQ%3D%3D,2
/more_gp_store/,3
/pack_request/eid-offer-1,3
/web_link/google,7
/site/quiz_personality/27684/bappy/3,1
/my_offer/buy_pack/eyJvZmZlcl90aXRsZSI6Ilx1MDk4N1x1MDlhOFx1MDljZFx1MDk5Zlx1MDliZVx1MDliMFx1MDlhOFx1MDljN1x1MDk5ZiBcdTA5ODVcdTA5YWJcdTA5YmVcdTA5YjAiLCJvZmZlcl9mZWF0dXJlcyI6Ilx1MDllOFx1MDllYiBcdTA5OGZcdTA5YWVcdTA5YWNcdTA5YmY8YnI%2BXHUwOWFlXHUwOWM3XHUwOWFmXHUwOWJjXHUwOWJlXHUwOWE2OiBcdTA5ZTcgXHUwOWE2XHUwOWJmXHUwOWE4Iiwib2ZmZXJfcHJpY2UiOiJcdTA5ZWIiLCJvZmZlcl9wcmljZV9lbiI6NSwia2V5d29yZCI6MTExMDAxfQ%3D%3D,2
/custom/gallery/37,3
/custom/quiz/39,4
/visit_free_site/eyJzaXRlX2lkIjoiOSIsInNpdGVfdXJsIjoiaHR0cHMlM0ElMkYlMkZodHRwLWpvYnMtYmRqb2JzLWNvbS4wLmZyZWViYXNpY3MuY29tJTJGbSUyRmJuJTJGc2VhcmNoY2F0ZWdvcmllc3dqc2JuLmFzcHglM0Zpb3JnX3NlcnZpY2VfaWRfaW50ZXJuYWwlM0QxNDQ1ODc5NTM5MDQ2NTMwJTNCQWZwT05LbmNUcmxFNjZ1cyIsInJlZmVyZXIiOiJodHRwOlwvXC93d3cuZ3BlYXN5bmV0LmNvbSJ9,2
/new_daily_digest/showbiz-13/4,4
/pack_confirmed_or_canceled,55
/play_quiz/how-romantic-you-are,9
/font-awesome.min.css,0
/more_gp_store/8,1
/pack_request/exclusive-offer,1
/new_daily_digest/travel-log-70/1,3
/uploads/pack/26569/20429ab1d160dae2204e988231deeb39_converted.jpg,0
/visit_free_site/eyJzaXRlX2lkIjoiMjY3NTMiLCJzaXRlX3VybCI6Imh0dHBzJTNBJTJGJTJGd3d3LjAuZnJlZWJhc2ljcy5jb20lMkZodHRwJTJGbS5hbHF1cmFuYmQuY29tJTJGJTNGaW9yZ19zZXJ2aWNlX2lkX2ludGVybmFsJTNENTkwNDM2MDI3Nzk5MzU1JTNCQWZwNFdRZ0w4am5DcVdEMSIsInJlZmVyZXIiOiJodHRwOlwvXC93d3cuZ3BlYXN5bmV0LmNvbSJ9,3
/show_gp_store_content/facebook-messenger,4
/visit_free_site/eyJzaXRlX2lkIjoiMjY3NDUiLCJzaXRlX3VybCI6Imh0dHBzJTNBJTJGJTJGaHR0cC1hbWFyZGVzaGVzaG9wLWNvbS4wLmZyZWViYXNpY3MuY29tIiwicmVmZXJlciI6Imh0dHA6XC9cL3d3dy5ncGVhc3luZXQuY29tIn0%3D,1
/new_daily_digest/showbiz-13/font-awesome.min.css,1
/new_daily_digest/travel-log-70/2,5
/feature_phone_data_charge_confirm,8
/show_gallery_content/liberation-war,5
/new_daily_digest/today-in-history-201,13
/visit_free_site/eyJzaXRlX2lkIjoiMTEiLCJzaXRlX3VybCI6Imh0dHBzJTNBJTJGJTJGMC5mcmVlYmFzaWNzLmNvbSUyRiIsInJlZmVyZXIiOiJodHRwOlwvXC93d3cuZ3BlYXN5bmV0LmNvbSJ9,9
/see_more_pack/12,13
/custom/gp_store/38,8
/new_daily_digest/showbiz-13/3,1
/uploads/daily_digest/27530/dd_cat_1563390574_1518717597_converted.jpg,0
/show_gp_store_content/flexiplan,2
/get_me_the_data_charge_model,12
/feature_phone_msisdn_validation/redirect_this,5
/site/quiz_personality/27684/%E0%A6%9C%E0%A6%BE%E0%A6%95%E0%A6%BF%E0%A6%B0/3,1
/new_daily_digest/health-life-89,9
/site/quiz_personality/87034/suriya/4,1
/new_daily_digest/stadium-14/3,1
/site/quiz_personality/87034/No/4,1
/site/quiz_personality/27684/%E0%A6%9C%E0%A6%BE%E0%A6%95%E0%A6%BF%E0%A6%B0/font-awesome.min.css,1
/my_offer/get_my_offer_pack_validation_modal,6
/redirect_to_google/%25E0%25A6%25AE%25E0%25A6%25BE%25E0%25A6%25B9%25E0%25A6%25BF%25E0%25A6%25B0%2B%25E0%25A6%259B%25E0%25A6%25AC%25E0%25A6%25BF,1
/redirect_to_google/--,6
/quiz_personality/44407/Maisha/3,1
/youtube_video/tamim-iqbals-century/29,5
/my_offer/my_offer_confirmed_or_canceled,0
http://connectivitycheck.gstatic.com/generate_204,0
www.google.com:443,0
/new_daily_digest/font-awesome.min.css,3
/pack/exclusive-offer-3,8
/show_gallery_content/portrait,6
/new_daily_digest/tips-tricks-99/,1
/my_offer/buy_pack/eyJvZmZlcl90aXRsZSI6Ilx1MDk4N1x1MDlhOFx1MDljZFx1MDk5Zlx1MDliZVx1MDliMFx1MDlhOFx1MDljN1x1MDk5ZiBcdTA5ODVcdTA5YWJcdTA5YmVcdTA5YjAiLCJvZmZlcl9mZWF0dXJlcyI6Ilx1MDllOVx1MDllYlx1MDllNiBcdTA5OGZcdTA5YWVcdTA5YWNcdTA5YmY8YnI%2BXHUwOWFlXHUwOWM3XHUwOWFmXHUwOWJjXHUwOWJlXHUwOWE2OiBcdTA5ZTkgXHUwOWE2XHUwOWJmXHUwOWE4Iiwib2ZmZXJfcHJpY2UiOiJcdTA5ZWFcdTA5ZTYiLCJvZmZlcl9wcmljZV9lbiI6NDAsImtleXdvcmQiOjExMTAwNX0%3D,1
/pack/facebook-7-days,4
/new_daily_digest/around-the-globe-14,15
/redirect_to_google/wwwsex.com,1
/site/pack/special-pack-2,2
/site/quiz_personality/44372/%e0%a6%ae%e0%a7%8b%e0%a6%83%20%e0%a6%b0%e0%a6%be%e0%a6%9c%e0%a7%81%20%e0%a6%86%e0%a6%b9%e0%a6%ae%e0%a7%8d%e0%a6%ae%e0%a7%87%e0%a6%a6/3,1
/my_offer/assets/themes/easynet_new/img/title-bg_converted.jpg,0
/new_daily_digest/health-life-89/1,3
/site/proceed_buy_pack,3
http://www.gpeasynet.com/download_phone_pass_apk/mygp-1/128282359,1
/site/quiz_personality/87034/mim/3,1
/custom/pdf_content/35,1
/uploads/web_link_logo/27183/site_logo_5e263e2_converted.jpg,0
/redirect_to_google/xnxx%2Bvideos,1
/new_daily_digest/todays-recipe-133/1,4
/web_link/prothom-alo-2,3
/uploads/daily_digest/27539/dd_cat_233003136_1518717541_converted.jpg,0
/new_daily_digest/showbiz-13/2,2
/pack/facebook-1-day,1
/visit_free_site/eyJzaXRlX2lkIjoiMTQiLCJzaXRlX3VybCI6Imh0dHBzJTNBJTJGJTJGaHR0cC1mcmVlLWJkbmV3czI0LWNvbS4wLmZyZWViYXNpY3MuY29tIiwicmVmZXJlciI6Imh0dHA6XC9cL3d3dy5ncGVhc3luZXQuY29tIn0%3D,2
/new_daily_digest/around-the-globe-14/1,4
/new_daily_digest/tips-tricks-99/1,4
/new_daily_digest/around-the-globe-14/3,5
/custom/web_link/33,2
/pack/eid-offer,1
/new_daily_digest/travel-log-70/3,3
/new_daily_digest/stadium-14/2,2
/play_quiz/your-dream-home,5
/pack_request/exclusive-offer-3,3
/custom/web_link/34,3
/quiz_personality/27544/Maisha/4,1
/show_gallery_content/travel,1
"8801746941127""",0
/play_and_win/mygp-1,8
/youtube_video/plastic-bottle-tricks/29,3
/redirect_to_google/move,2
/site/pack/exclusive-offer-3,2
/see_more_pack/24,9
/new_daily_digest/tips-tricks-99/2,3
/site/quiz_personality/44372/naim/3,1
/assets/themes/easynet_new/img/BannerExtraSmall.jpg,0
/new_daily_digest/around-the-globe-14/2,5
/new_daily_digest/todays-recipe-133/3,4
/redirect_to_google/free%2Bmb,1
/new_daily_digest/around-the-globe-14/5,1
/new_daily_digest/stadium-14/4,1
/show_gp_store_content/facebook,4
/new_daily_digest/health-life-89/2,2
/site/pack/font-awesome.min.css,1
/new_daily_digest/todays-recipe-133/4,3
/redirect_to_google/X,1
/show_gallery_content/food-of-bangladesh,2
/new_daily_digest/sehri-iftar-2/2,1
/custom/web_link/33/12,1
playatoms-pa.googleapis.com:443,0
/pack/exclusive-offer,2
/new_daily_digest/todays-recipe-133/5,3
/daily_digest/did-you-know-17,1
/new_daily_digest/today-in-history-201/4,2
/new_daily_digest/todays-recipe-133/6,2
phonedeviceverification-pa-prod.sandbox.googleapis.com:443,0
/custom/web_link/33/24,1
/web_link/education-board-1,2
/redirect_to_google/My%2B%2Btrip%2B%2Bparagrap,1
/pdf_content/shesher-kobita,1
/new_daily_digest/tips-tricks-99/6,2
/new_daily_digest/health-life-89/,1
/redirect_to_google/1%2Bgb,1
/custom/new_daily_digest/43,3
/redirect_to_google/%25E0%25A6%25A8%25E0%25A7%2587%25E0%25A6%2595%25E0%25A7%2587%25E0%25A6%259F,1
/redirect_to_google/xxx,1
/play_quiz/font-awesome.min.css,1
/see_more_pack/font-awesome.min.css,1
android.clients.google.com:443,0
/visit_free_site/eyJzaXRlX2lkIjoiMjY3NTEiLCJzaXRlX3VybCI6Imh0dHAlM0ElMkYlMkZodHRwLW0tYWNjdXdlYXRoZXItY29tLjAuZnJlZWJhc2ljcy5jb20iLCJyZWZlcmVyIjoiaHR0cDpcL1wvd3d3LmdwZWFzeW5ldC5jb20ifQ%3D%3D,2
api.sbsabc.apps1.top:443,0
api.niumobi.com:443,0
app-measurement.com:443,0
/site/pack/eid-offer-1,1
graph.facebook.com:443,0
/download_pdf_content/ZXlKemJIVm5Jam9pYzJobGMyaGxjaTFyYjJKcGRHRWlMQ0owZUY5cFpDSTZNakV3TmpnNE9URXhMQ0pqYjI1MFpXNTBYMmxrSWpveU56SXhPWDA9,1
/new_daily_digest/horoscope-32/3,1
"8801779602958""",0
ssl.google-analytics.com:443,0
/uploads/pack/103/494da3499c476d1c8cbe5521e94354d0_converted.jpg,0
/uploads/daily_digest/27541/content/dd_content_1682378390_1537331508.jpg,0
b-api.facebook.com:443,0
www.googleapis.com:443,0
/uploads/web_link_logo/27187/site_logo_d8946bb_converted.jpg,0
/download_pdf_content/ZXlKemJIVm5Jam9pYzJobGMyaGxjaTFyYjJKcGRHRWlMQ0owZUY5cFpDSTZNakV3TmpnNE9UWXlMQ0pqYjI1MFpXNTBYMmxrSWpveU56SXhPWDA9,1
http://h.facebook.com/hr/r?redirect_app=13&n=wxR1vG8NeIyVaL9RJjNCKDGZk1CMMrha0edID6AzZTwpk8vkfWx8NOP1SNDSBwxr&zc=AfqUvncwksID1VI0I4QVLcdDQ3SzUbStL5jY8TEz3xYm5qzJnCTkk8e8xqCSQcB8kJU&em=Afpqjvf2Oug6SFLIVA4m-XRKjwotCABUudVcyYkx7n8xlTI_B0HZNCNJRXvmwGFi1dep6C6_Iwz6DzGMemw7UXNn&locale=en_US&client_country_code=BD,0
http://www.gpeasynet.com/hr/r?redirect_app=13&n=wxR1vG8NeIyVaL9RJjNCKDGZk1CMMrha0edID6AzZTwpk8vkfWx8NOP1SNDSBwxr&zc=AfqUvncwksID1VI0I4QVLcdDQ3SzUbStL5jY8TEz3xYm5qzJnCTkk8e8xqCSQcB8kJU&em=Afpqjvf2Oug6SFLIVA4m-XRKjwotCABUudVcyYkx7n8xlTI_B0HZNCNJRXvmwGFi1dep6C6_Iwz6DzGMemw7UXNn&locale=en_US&client_country_code=BD,0
http://captive.apple.com/generate_204,0
http://abroad.apilocate.amap.com/mobile/binary?policy=3103&output=bin,0
http://www.gpeasynet.com/mobile/binary?policy=3103&output=bin,4
/download_phone_pass_apk/mygp-1/210688960,1
http://w.syneasy.com:8082/getWeather,0
http://www.gpeasynet.com/getWeather,1
z-m-graph.facebook.com:443,0
/download_gp_store_content/ZXlKemJIVm5Jam9pWm1GalpXSnZiMnN0YldWemMyVnVaMlZ5SWl3aWRIaGZhV1FpT2pJeE1EWTRPREl6T0N3aVkyOXVkR1Z1ZEY5cFpDSTZNamN6TXpWOQ%3D%3D,1
/pack_request/4-mb,2
/download_gp_store_content/ZXlKemJIVm5Jam9pWm1GalpXSnZiMnN0YldWemMyVnVaMlZ5SWl3aWRIaGZhV1FpT2pJeE1EWTRPRGs1TVN3aVkyOXVkR1Z1ZEY5cFpDSTZNamN6TXpWOQ%3D%3D,1
/uploads/pack/87067/a76d838f98a46d0bdb924e95d60dd27c_converted.jpg,0
/show_more_visit/assets/themes/easynet_new/img/title-bg_converted.jpg,2
/url,1
av1.xdrig.com:443,0
/web_link/bangladesh-police,2
http://ea.snowfox.112gs.com:18088/ping,0
/new_daily_digest/health-life-89/5,1
http://www.gpeasynet.com/ping,3
http://en.snowfox.112gs.com:8088/ping,0
http://bak.adninjia.com:18088/ping,0
/new_daily_digest/travel-log-70/4,1
/play_quiz/how-healthy-is-your-lifestyle-1,1
/site/quiz_personality/27659/%20hasan/4,1
/show_gallery_content/festival,4
/new_daily_digest/travel-log-70/5,1
"8801772099092""",0
/uploads/free_sites_logo/87062/site_logo_2411400_converted.jpg,0
/new_daily_digest/tips-tricks-99/5,2
http://ea.snowfox.112gs.com:18088/sdk/api/checklib,0
api.bsfabc.os17666.com:443,0
http://www.gpeasynet.com/sdk/api/checklib,1
b-graph.facebook.com:443,0
scontent.xx.fbcdn.net:443,0
/my_offer/buy_pack/eyJvZmZlcl90aXRsZSI6Ilx1MDk4N1x1MDlhOFx1MDljZFx1MDk5Zlx1MDliZVx1MDliMFx1MDlhOFx1MDljN1x1MDk5ZiBcdTA5ODVcdTA5YWJcdTA5YmVcdTA5YjAiLCJvZmZlcl9mZWF0dXJlcyI6Ilx1MDllNyBcdTA5OWNcdTA5YmZcdTA5YWNcdTA5YmY8YnI%2BXHUwOWFlXHUwOWM3XHUwOWFmXHUwOWJjXHUwOWJlXHUwOWE2OiBcdTA5ZWEgXHUwOTk4XHUwOWEzXHUwOWNkXHUwOTlmXHUwOWJlIiwib2ZmZXJfcHJpY2UiOiJcdTA5ZTdcdTA5ZTgiLCJvZmZlcl9wcmljZV9lbiI6MTIsImtleXdvcmQiOiIxR0I0SFJTIn0%3D,1
/new_daily_digest/tips-tricks-99/3,2
/show_gallery_content/colourful-boishakh-1,1
/new_daily_digest/horoscope-32/1,2
/web_link/font-awesome.min.css,1
/site/pack/facebook-28-days,1
/pack/special-offer,1
/show_gp_store_content/shareit,1
/pack_request/font-awesome.min.css,1
/download_gp_store_content/ZXlKemJIVm5Jam9pYzJoaGNtVnBkQ0lzSW5SNFgybGtJam95TVRBMk9Ea3hNeklzSW1OdmJuUmxiblJmYVdRaU9qSTNNek01ZlE9PQ%3D%3D,1
/uploads/daily_digest/27541/dd_cat_2020068732_1518717502_converted.jpg,0
/pack_request/facebook-28-days,3
/new_daily_digest/stadium-14/6,1
/new_daily_digest/stadium-14/1,2
/v1/servers/self/up,4
/play_quiz/which-is-your-favorite-pet,1
/redirect_to_google/WWW.X.COM,1
/pack/www.gpeasynet.com/uploads/pack/299/07a0eb1a6fb18906da99204a592677b5.png,3
/web_link/bangladesh-biman,1
/new_daily_digest/health-life-89/6,1
/new_daily_digest/horoscope-32/6,2
/uploads/daily_digest/27531/dd_cat_218136099_1518717581_converted.jpg,0
/site/quiz_personality/87034/%E0%A6%AB%E0%A6%9C%E0%A6%B2%E0%A7%87%202/3,1
/nocredit,1
/download_gp_store_content/ZXlKemJIVm5Jam9pYzJoaGNtVnBkQ0lzSW5SNFgybGtJam95TVRBMk9Ea3lOVFFzSW1OdmJuUmxiblJmYVdRaU9qSTNNek01ZlE9PQ%3D%3D,1
/site/pack/4-mb,1
/pack/bangladesh-police,1
/new_daily_digest/today-in-history-201/6,1
/new_daily_digest/horoscope-32/4,1
/site/quiz_personality/27659/RAHIMUDDIN/4,1
/site/quiz_personality/27659/A/3,1
/my_offer/buy_pack/eyJvZmZlcl90aXRsZSI6Ilx1MDk4N1x1MDlhOFx1MDljZFx1MDk5Zlx1MDliZVx1MDliMFx1MDlhOFx1MDljN1x1MDk5ZiBcdTA5ODVcdTA5YWJcdTA5YmVcdTA5YjAiLCJvZmZlcl9mZWF0dXJlcyI6Ilx1MDllZFx1MDllYiBcdTA5OGZcdTA5YWVcdTA5YWNcdTA5YmY8YnI%2BXHUwOWFlXHUwOWM3XHUwOWFmXHUwOWJjXHUwOWJlXHUwOWE2OiBcdTA5ZTkgXHUwOWE2XHUwOWJmXHUwOWE4Iiwib2ZmZXJfcHJpY2UiOiJcdTA5ZTdcdTA5ZWIiLCJvZmZlcl9wcmljZV9lbiI6MTUsImtleXdvcmQiOjExMTAwM30%3D,1
gcmapi.wshareit.com:443,0
googleads.g.doubleclick.net:443,0
android.googleapis.com:443,0
/custom/web_link/34/12,1
/show_gp_store_content/whatsapp-messenger,1
"8801767919492""",0
/new_daily_digest/travel-log-70/,0
/assets/themes/easynet_new/css/app.css?x=1,0
/site/quiz_personality/44372/h/3,1
/robots.txt,1
/custom/pdf_content/35%E0%A5%A4/12,1
http://ad.adapter.kaffnet.com/adserver/v2/ads,1
"8801744267930""",0
/site/quiz_personality/44372/mim/3,1
/new_daily_digest/horoscope-32/2,1
/download_gp_store_content/ZXlKemJIVm5Jam9pWm1GalpXSnZiMnN0YldWemMyVnVaMlZ5SWl3aWRIaGZhV1FpT2pJeE1EWTRPVFF6T0N3aVkyOXVkR1Z1ZEY5cFpDSTZNamN6TXpWOQ%3D%3D,1
/download_phone_pass_apk/mygp-1/210689448,9
/redirect_to_google/01798955122,1
/visit_free_site/eyJzaXRlX2lkIjoiMjY3NDYiLCJzaXRlX3VybCI6Imh0dHAlM0ElMkYlMkZodHRwLXVrLWFzay1jb20uMC5mcmVlYmFzaWNzLmNvbSIsInJlZmVyZXIiOiJodHRwOlwvXC93d3cuZ3BlYXN5bmV0LmNvbSJ9,1
/download_phone_pass_apk/mygp-1/210689446,1
/custom/web_link/34/,1
/new_daily_digest/around-the-globe-14/,1
/show_gallery_content/animal-birds-1,1
/download_gp_store_content/ZXlKemJIVm5Jam9pWm1GalpXSnZiMnNpTENKMGVGOXBaQ0k2TWpFd05qZzVORGsyTENKamIyNTBaVzUwWDJsa0lqb3lOek16TjMwPQ%3D%3D,1
/download_gp_store_content/ZXlKemJIVm5Jam9pWm1GalpXSnZiMnNpTENKMGVGOXBaQ0k2TWpFd05qZzVORGN3TENKamIyNTBaVzUwWDJsa0lqb3lOek16TjMwPQ%3D%3D,1
/api/statusCheck,0
/download_phone_pass_apk/mygp-1/210688951,1
